Ім'я,Вік,Математика,Програмування,Середній бал,Статус:
Мілена Шухевич,17,10,10,10.0,Fail
Мирон Деревʼянко,18,10,86,48.0,Fail
пан Левко Носаченко,17,53,24,38.5,Fail
Ада Примаченко,17,98,35,66.5,Fail
Левко Дрозд,18,74,57,65.5,Fail
Еріка Токар,17,76,72,74.0,Fail
Аліна Кабалюк,18,22,59,40.5,Fail
Леонід Заїка,18,91,54,72.5,Fail
Зиновій Ісаєвич,17,81,1,41.0,Fail
пан Володимир Христенко,17,55,42,48.5,Fail
Григорій Абраменко,17,21,29,25.0,Fail
Роксолана Калениченко,17,79,1,40.0,Fail
Костянтин Артимишин,18,1,95,48.0,Fail
Болеслав Бгиденко,17,26,48,37.0,Fail
Зорян Атрощенко,18,95,15,55.0,Fail
Дрозд Орхип Дмитрович,17,4,16,10.0,Fail
Ада Гайдамака,17,95,39,67.0,Fail
Лілія Гавриш,17,72,92,82.0,Pass
Орися Журба,17,37,97,67.0,Fail
Ірена Смик,18,90,79,84.5,Pass
Свистун Зиновій Назарович,17,18,63,40.5,Fail
Златослава Андрієнко,17,44,33,38.5,Fail
Єфрем Даценко,17,76,95,85.5,Pass
Наталія Юхименко,17,49,55,52.0,Fail
Леон Міщенко,18,43,66,54.5,Fail
Симон Царенко,18,57,37,47.0,Fail
Вікторія Петрик,18,6,1,3.5,Fail
Орися Фоменко,17,1,9,5.0,Fail
Ярина Негода,18,72,72,72.0,Fail
Дан Артимишин,17,11,60,35.5,Fail
Марта Чуйко,17,32,91,61.5,Fail
Христина Петренко,17,34,29,31.5,Fail
Варвара Кириленко,17,37,68,52.5,Fail
Єва Бездітко,18,90,8,49.0,Fail
Василина Ребрик,17,83,95,89.0,Pass
Єлисей Данько,17,6,23,14.5,Fail
Прохір Вернигора,18,55,24,39.5,Fail
Лариса Христенко,17,94,35,64.5,Fail
Ольга Акименко,17,30,68,49.0,Fail
Камілла Чуйко,18,95,33,64.0,Fail
Вікторія Дуплій,18,56,88,72.0,Fail
Єва Мірошниченко,17,11,86,48.5,Fail
Артимишина Оксана Демидівна,17,13,75,44.0,Fail
Василина Чередник,17,80,33,56.5,Fail
Одарка Копитко,17,10,88,49.0,Fail
Сніжана Демʼянюк,17,46,76,61.0,Fail
Анжела Забіла,18,21,79,50.0,Fail
Єлисей Лупій,17,97,82,89.5,Pass
пані Наталія Усик,18,49,7,28.0,Fail
пан Павло Ажажа,18,1,35,18.0,Fail
Богдан Дубенко,17,56,22,39.0,Fail
Клавдія Захаренко,17,29,36,32.5,Fail
Мілена Килимник,17,68,6,37.0,Fail
Бабариченко Богуслав Назарович,18,83,65,74.0,Fail
Аніта Данилюк,17,87,92,89.5,Pass
Лариса Усик,17,44,5,24.5,Fail
Орхип Батюк,18,8,96,52.0,Fail
Варвара Лаба,18,41,57,49.0,Fail
пан Панас Канівець,17,30,11,20.5,Fail
Яків Оніщук,17,23,61,42.0,Fail
Павло Кащенко,18,70,87,78.5,Pass
Богуслава Теліженко,17,94,23,58.5,Fail
Ростислав Ващук,18,95,1,48.0,Fail
Адамчук Євген Федорович,18,98,48,73.0,Fail
Роман Засядько,18,85,66,75.5,Pass
Володимира Ващук,18,79,99,89.0,Pass
пан Панас Тягнибок,17,83,60,71.5,Fail
Акименко Болеслав Олексович,18,26,67,46.5,Fail
Дарина Прокопович,17,9,38,23.5,Fail
Едуард Баклан,18,51,14,32.5,Fail
Христина Андрієвич,17,16,100,58.0,Fail
Ярема Вернигора,17,64,78,71.0,Fail
Данило Ісаєвич,17,40,96,68.0,Fail
Ярослав Штокало,17,90,77,83.5,Pass
Борислав Оберемко,17,97,35,66.0,Fail
добродій Степан Овсієнко,17,2,92,47.0,Fail
Орхип Туркало,17,63,19,41.0,Fail
Вікторія Данчук,17,42,31,36.5,Fail
пан Варфоломій Дзюба,17,43,46,44.5,Fail
Титаренко Клавдія Назарівна,17,58,2,30.0,Fail
Едита Кальченко,18,21,68,44.5,Fail
Ольга Швайка,17,2,49,25.5,Fail
Георгій Петлюра,18,48,1,24.5,Fail
Венедикт Вакарчук,18,98,68,83.0,Pass
Мирослав Якимчук,18,62,69,65.5,Fail
Єрченко Захар Адамович,18,9,16,12.5,Fail
Єва Пелех,17,33,63,48.0,Fail
Вікторія Мамчур,17,21,42,31.5,Fail
Маруся Єщенко,17,40,36,38.0,Fail
Демʼян Демʼянюк,18,42,56,49.0,Fail
Оксана Їжакевич,18,28,6,17.0,Fail
Єлисей Власенко,17,43,17,30.0,Fail
Розалія Теличенко,17,65,43,54.0,Fail
Ярослава Носаченко,17,77,52,64.5,Fail
Жайворон Одарка Назарівна,18,55,73,64.0,Fail
Наталія Влох,17,52,71,61.5,Fail
Соломія Гречаник,17,74,88,81.0,Pass
Віктор Дубенко,18,10,26,18.0,Fail
добродій Олександр Чуйко,18,99,28,63.5,Fail
Володимир Тесля,18,34,33,33.5,Fail
